record_id,study,title,journal,doi,country,region,design,design_detail,sample_n,Depression & anxiety,"Reduced QoL, body image & self-esteem",Psychosexual & relational challenges,Broader psychological distress,Coping mechanisms documented,Healthcare system gaps,coping_types,verification_note
R227,Arsy 2019,Low self-esteem of women suffering Mayer Rokitansky Kuster Hauser Syndrome,Indian Journal of Public Health Research and Development,10.5958/0976-5506.2019.02155.7,Indonesia,Asia,Not reported,Not reported in export (no abstract),NR,,yes,,,,,,No abstract available; design and country need full-text verification
R091,Beisert 2022,Psychological correlates of sexual self-esteem in young women with Mayer-Rokitansky-Küster-Hauser syndrome.,Current issues in personality psychology,10.5114/cipp.2022.114044,Poland,Europe,Quantitative,Case-control,32 (+32 controls),yes,yes,yes,yes,,,,Country from affiliations; verify
R105,Carroll 2020,"From Engulfment to Enrichment: Associations Between Illness Representations, Self-Concept, and Psychological Adjustment in Mayer-Rokitansky-Küster-Hauser Syndrome.",Journal of pediatric and adolescent gynecology,10.1016/j.jpag.2020.07.006,Multinational,Multinational,Quantitative,Cross-sectional online survey,263,,yes,,yes,yes,,"Peer, family & social support; Identity reconstruction / positive reappraisal",
R104,Chen 2020,Study on depressive symptoms in patients with Mayer-Rokitansky-Küster-Hauser syndrome: an analysis of 141 cases.,Orphanet journal of rare diseases,10.1186/s13023-020-01405-9,China,Asia,Quantitative,Cross-sectional (with controls),141 (+178 controls),yes,,yes,,,,,Same sample as Song 2020 (R084); verify
R010,Di Mattei 2026,Illness experience and (unmet) needs of women with Mayer-Rokitansky-Küster-Hauser Syndrome (MRKH): a qualitative analysis of an online forum.,Psychology & Health,10.1080/08870446.2024.2390647,Italy,Europe,Qualitative,Thematic analysis of online forum,NR,,,yes,yes,,yes,,Online 2024; country from affiliations
R013,Gilfillan 2024,"Issues of identity, perceptions and isolation: An interpretative phenomenological analysis of women's experience of Mayer-Rokitansky-Küster-Hauser (MRKH) syndrome.",Journal of Health Psychology,10.1177/13591053231199253,United Kingdom,Europe,Qualitative,Interpretative phenomenological analysis,13,,,,yes,yes,yes,Acceptance; Avoidance / concealment (maladaptive),Country from affiliations; verify
R011,Güner 2025,"""I felt like a woman"": A phenomenological qualitative study of disease-related experiences in Mayer-Rokitansky-Küster-Hauser syndrome (MRKH syndrome).",Journal of Health Psychology,10.1177/13591053241305941,Türkiye,Asia,Qualitative,Phenomenological interviews,10,,,yes,yes,,,,
R032,Güner 2026,From Avoidance to Empowerment: Coping Strategies in Women With Müllerian agenesis (MRKH) After McIndoe Reconstruction: A Descriptive Phenomenological Study.,Journal of pediatric and adolescent gynecology,10.1016/j.jpag.2025.10.013,Türkiye,Asia,Qualitative,Descriptive phenomenological interviews,10,,,yes,yes,yes,,"Avoidance / concealment (maladaptive); Identity reconstruction / positive reappraisal; Spiritual coping; Peer, family & social support",
R149,Hatim 2021,"The Missing Uterus, the Missed Diagnosis, and the Missing Care. Mayer-Rokitansky-Küster-Hauser Syndrome in the Lives of Women in Malaysia.",Journal of pediatric and adolescent gynecology,10.1016/j.jpag.2020.11.009,Malaysia,Asia,Mixed methods,Qualitative with quantitative component,12,,,yes,yes,yes,yes,"Peer, family & social support",
R014,Jensen 2024,A life course perspective on Mayer-Rokitansky-Küster-Hauser syndrome: women's experiences and negotiations of living with an underdeveloped uterus and vagina.,Disability & Rehabilitation,10.1080/09638288.2023.2191014,Denmark,Europe,Qualitative,Semi-structured interviews (life course),18,,,yes,yes,yes,yes,"Peer, family & social support",
R040,Jensen 2024,Experiences of vaginal lengthening treatment and sexual well-being in women with Mayer-Rokitansky-Küster-Hauser (MRKH) syndrome: An interview study.,BJOG : an international journal of obstetrics and gynaecology,10.1111/1471-0528.17916,Denmark,Europe,Qualitative,Semi-structured interviews,18,,yes,yes,yes,,,,
R086,Jha 2022,Sexual and Psychosocial Outcome After Neovaginoplasty Using Interceed in Females with Mayer-Rokitansky-Küster-Hauser Syndrome: A Case-Control Study.,Journal of obstetrics and gynaecology Canada : JOGC = Journal d'obstetrique et gynecologie du Canada : JOGC,10.1016/j.jogc.2022.03.018,India,Asia,Quantitative,Case-control,NR,yes,yes,yes,,,,,Country from affiliations; verify
R234,Järvholm 2020,Uterus transplantation: Joys and frustrations of becoming a 'complete' woman-a qualitative study regarding self-image in the 5-year period after transplantation,Human Reproduction,10.1093/humrep/deaa143,Sweden,Europe,Qualitative,Interviews after uterus transplantation,7 (6 MRKH),,yes,yes,yes,,,,Coded from published summary; country from trial site; verify
R012,Kang 2020,Sexual function and quality of life after the creation of a neovagina in women with Mayer-Rokitansky-Küster-Hauser syndrome: comparison of vaginal dilation and surgical procedures.,Fertility & Sterility,10.1016/j.fertnstert.2020.01.017,China,Asia,Quantitative,Cross-sectional,133,,yes,yes,,,,,
R020,Karpel 2025,Psychological evaluation of candidates for the uterus transplantation French trial.,Acta obstetricia et gynecologica Scandinavica,10.1111/aogs.15004,France,Europe,Quantitative,Cross-sectional (uterus transplant candidates),"16 (incl. partners, donors)",yes,yes,yes,yes,,,,
R004,Khairudin 2026,Prevalence of Anxiety and Depression in Women with Mayer-Rokitansky-Kϋster-Hauser (MRKH) Syndrome in Malaysia.,Journal of pediatric and adolescent gynecology,10.1016/j.jpag.2025.11.005,Malaysia,Asia,Quantitative,Cross-sectional,77,yes,,,,,,,
R057,Le 2024,Perception of having children through surrogacy in individuals with MRKH in Vietnam: a qualitative study.,Frontiers in psychology,10.3389/fpsyg.2024.1372405,Vietnam,Asia,Qualitative,In-depth interviews,20,,,,,yes,yes,Avoidance / concealment (maladaptive); Spiritual coping,
R002,Lei 2024,"Self-esteem, depression, anxiety and sexual function in Mayer-Rokitansky-Küster-Hauser syndrome with neovagina: A case series.","European journal of obstetrics, gynecology, and reproductive biology",10.1016/j.ejogrb.2024.04.027,China,Asia,Quantitative,Longitudinal case series (2 survey rounds),53,yes,yes,yes,,,,,
R267,Lou 2024,Understanding the Diagnostic Odyssey of Women with Mayer-Rokitansky-Küster-Hauser (MRKH) Syndrome in Denmark: A Qualitative Interview Study,J Pediatr Adolesc Gynecol,10.1016/j.jpag.2024.03.003,Denmark,Europe,Qualitative,Interview study,NR,,,,yes,,yes,,No abstract in export; coded from published summary
R060,Mao 2024,Long-term Results of Sexual Function and Body Image After Vaginoplasty With Acellular Dermal Matrix in Women With Mayer-Rokitansky-Küster-Hauser Syndrome.,Journal of minimally invasive gynecology,10.1016/j.jmig.2023.10.003,China,Asia,Quantitative,Retrospective (with controls),42 (+30 controls),,yes,yes,,,,,
R073,Marshall 2025,"""Don't Give Up, Advocate for Yourself"": A Pilot Study Examining Healthcare Experiences of People with Mayer Rokitansky Küster Hauser Syndrome.",Journal of pediatric and adolescent gynecology,10.1016/j.jpag.2024.12.001,United States/Canada,North America,Qualitative,Semi-structured interviews,NR,,,,,yes,yes,Self-advocacy,
R255,Mediå 2022,‘It was Supposed to be a Secret’: a study of disclosure and stigma as experienced by adults with differences of sex development,Health Psychology and Behavioral Medicine,10.1080/21642850.2022.2102018,Norway,Europe,Qualitative,Semi-structured interviews (adults with 5 DSD conditions),15 (DSD; MRKH subgroup),,,yes,yes,yes,,Avoidance / concealment (maladaptive),Mixed DSD sample; March tracker recorded MRKH findings reported separately; verify
R223,Ngoumou 2022,How does the experience of the medical encounter with Mayer-Rokitansky-Küster-Hauser (MRKH) Syndrome impact women in Africa?,Pan African Medical Journal,10.11604/pamj.2022.42.314.32830,"Cameroon, Côte d'Ivoire, Senegal",Africa,Qualitative,In-depth interviews,5,,,,yes,,yes,,Coded from published abstract
R112,Pennesi 2023,International Experiences with Vaginal Lengthening Treatment Among Individuals with Müllerian Agenesis: A Mixed-Methods Study.,Journal of pediatric and adolescent gynecology,10.1016/j.jpag.2023.05.004,Multinational (40 countries),Multinational,Mixed methods,Cross-sectional mixed-methods survey,616,,,yes,yes,,yes,,
R001,Pittman 2025,Psychological well-being of women with uterine infertility before considering uterus transplantation as a treatment option.,The Australian & New Zealand journal of obstetrics & gynaecology,10.1111/ajo.13895,Australia,Oceania,Quantitative,Cross-sectional survey (congenital vs acquired uterine factor infertility),39,yes,yes,,,,,,Mixed sample; results reported for congenital (MRKH) group; country from affiliations; verify
R017,Rajesh 2026,Understanding the impact of Mayer-Rokitansky-Küster-Hauser syndrome on sexual wellbeing-a qualitative study.,The journal of sexual medicine,10.1093/jsxmed/qdaf309,Canada,North America,Qualitative,Semi-structured interviews,12,,yes,yes,,yes,,Identity reconstruction / positive reappraisal,
R021,Rall 2021,"Long Term Findings Concerning the Mental and Physical Condition, Quality of Life and Sexuality after Laparoscopically Assisted Creation of a Neovagina (Modified Vecchietti Technique) in Young MRKHS (Mayer-Rokitansky-Küster-Hauser-Syndrome) Patients.",Journal of clinical medicine,10.3390/jcm10061269,Germany,Europe,Quantitative,Prospective cohort (pre/post surgery),82,,yes,yes,yes,yes,,"Peer, family & social support",
R034,Sabatucci 2019,Treatment of the Mayer-Rokitansky-Küster-Hauser syndrome with autologous in vitro cultured vaginal tissue: descriptive study of long-term results and patient outcomes.,BJOG: An International Journal of Obstetrics & Gynaecology,10.1111/1471-0528.15477,Italy,Europe,Quantitative,Descriptive longitudinal,39,,yes,yes,,,,,
R244,Scollo 2020,Psychological and personality assessment in patients candidates for Uterus Transplantation from deceased donor: preliminary results,Italian Journal of Gynaecology and Obstetrics,10.36129/jog.32.04.08,Italy,Europe,Quantitative,Cross-sectional (MMPI-2; uterus transplant candidates),19 (18 MRKH),yes,,,yes,,,,Coded from published abstract
R038,Shao 2022,Psychological intervention in women with Mayer-Rokitansky-Küster-Hauser syndrome after artificial vaginoplasty: a prospective study.,International urogynecology journal,10.1007/s00192-022-05075-y,China,Asia,Quantitative,Prospective pre/post intervention,30,yes,,,,yes,,Psychological counseling/intervention,
R084,Song 2020,Anxiety symptoms in patients with Mayer-Rokitansky-Küster-Hauser syndrome: a cross-sectional study.,Chinese medical journal,10.1097/cm9.0000000000000648,China,Asia,Quantitative,Cross-sectional (with controls),141 (+178 controls),yes,,,,,,,
R052,Sorouri Khorashad 2025,Psychiatric Comorbidities in Women With Complete Androgen Insensitivity Syndrome or Müllerian Duct Aplasia/Agenesis.,The Journal of clinical endocrinology and metabolism,10.1210/clinem/dgae720,United States,North America,Quantitative,Retrospective cohort,NR,yes,,,yes,,,,
R063,Stepanow 2023,Sexual health and sexual well-being of women with Mayer-Rokitansky-Kuester-Hauser syndrome after vaginal reconstruction: a qualitative analysis.,The journal of sexual medicine,10.1093/jsxmed/qdac011,Austria,Europe,Qualitative,Semi-structured interviews,10 (+20 controls),,yes,yes,,yes,,Acceptance,Country from affiliations; verify
R094,Tsitoura 2021,The Sexuality of Adolescents and Young Women With MRKH Syndrome: A Qualitative Study.,The journal of sexual medicine,10.1016/j.jsxm.2021.09.006,Greece,Europe,Qualitative,Semi-structured interviews,7,,,yes,yes,yes,yes,"Avoidance / concealment (maladaptive); Peer, family & social support",Country from affiliations; verify
R131,Vosoughi 2022,"The Effect of Psychosexual Education on Promoting Sexual Function, Genital Self-Image, and Sexual Distress among Women with Rokitansky Syndrome: A Randomized Controlled Clinical Trial.",Journal of pediatric and adolescent gynecology,10.1016/j.jpag.2021.06.008,Iran,Asia,Quantitative,Randomized controlled trial,38,,yes,yes,,yes,,Psychological counseling/intervention,
R003,Weijenborg 2019,"Sexual functioning, sexual esteem, genital self-image and psychological and relational functioning in women with Mayer-Rokitansky-Küster-Hauser syndrome: a case-control study.","Human reproduction (Oxford, England)",10.1093/humrep/dez130,Netherlands,Europe,Quantitative,Case-control,54 (+79 controls),,yes,yes,yes,,,,Country from author affiliations; verify
