longDBName,shortDBName,an,title,abstract,publicationDate,contributors,docTypes,pubTypes,coverDate,peerReviewed,source,subjects,isiType,doids,isbns,issns,publisherLocations,identifiers,isOpenAccess,bookEdition,language,publisher,pageEnd,pageStart,pageCount,volume,issue,doi,notes,mid,degreeLevel,plink
APA PsycInfo,psyh,2013-00529-002,Uterovaginal agenesis and Polycystic Ovary Syndrome: Psychological disturbance in adolescence.,"Mayer-Rokitansky-Küster-Hauser Syndrome (MRKHS) is characterized by complete or partial absence of the vagina, uterus and proximal fallopian tubes and diagnosis is usually made in late adolescence, when primary amenorrhea appears as the major symptom. Polycystic Ovary Syndrome (PCOS), which is the most common endocrine disorder among women of reproductive age, includes a variety of clinical manifestations (menstrual irregularities, hirsuitism, acne, alopecia, obesity and infertility), due to androgen hypersecretion, insulin resistance and chronic anovulation. Both MRKHS and PCOS have been studied concerning the psychological aspects and have been associated with emotional distress as well as self-esteem, body image, identity and femininity impairment. The purpose of this study was to assess psychological functioning in adolescents with uterovaginal agenesis and primary amenorrhea due to MRKHS and those with hyperandrogenism and oligomenorrhea due to PCOS, compared with healthy adolescents. The participants were 70 adolescent girls, of whom 24 with MRKHS, 22 with PCOS and 24 healthy eumenorrheic adolescents (control group) matched by age and school grade. Psychological assessment included self report questionnaires, standardized in Greek population sample. Particularly, the ""Beck Depression Inventory"" (BDI), the ""State-Trait Anxiety Inventory"" (STAI-Gr) and the ""Youth Self Report"" (YSR) were used to measure depression, anxiety and psychopathology respectively, while the ""Symptom Checklist-90-R"" was used to measure psychopathology for the patients > 18 years old. The results showed significantly higher scores on the state - anxiety scale for the MRKHS group compared with the control group. The MRKHS patients in late adolescence (18-20 years old) presented also significantly higher scores in depression and psychopathology scales (symptoms of anxiety, aggressive behavior and phobic disorder) than PCOS patients of the same age. On the contrary, regarding PCOS patients, age was negative correlated with attention problems and PCOS patients < 18 reported significantly more somatic complaints compared with age-mate MRKHS patients and controls. PCO syndrome's clinical manifastations, including menstrual disorders, hirsuitism, acne, alopecia, obesity and infertility, may cause significant emotional distress. Nevertheless, they appear in great variety and our sample is characterized by mild features of hyperandrogenism and oligomenorrhea. This may explain findings of milder psychological disturbance associated with PCOS in this sample in comparison to other studies. As far as MRKHS is concerned, diagnosis and loss of reproductive ability, especially in late adolescence, obstruct emotional stability, physical maturity and sexual identity development ending that are expected in this period of life. Undoubtedly, the management of MRKHS in adolescence constitutes a complex multidisciplinary issue and psychological support of patients is needed in order to prevent possible psychological consequences and to achieve a normal transition to adulthood. Among the limitations of this study is the small sample size, which limits the generalisability of the reported results, especially in ""Youth Self Report"" and in ""Symptom Checklist-90-R"" questionnaires, where the sample was divided according to the age. Nevertheless, the very low incidence of MRKHS (1/5000) emphasize the value of the present results, which support the need for further investigation. (PsycInfo Database Record (c) 2022 APA, all rights reserved)",20120701,"Laggari, V. ; Christogiorgos, S. ; Deligeoroglou, E. ; Tsiantis, J. ; Creatsas, G.",Journal Article,Journal ; Peer Reviewed Journal,Jul-Sep 2012,true,Psychiatriki,Adolescent Psychopathology ; Endocrine Disorders ; Endocrine Sexual Disorders ; Vagina ; Agenesis ; Syndromes ; Adolescence (13-17 yrs) ; Female,JOUR,,,1105-2333,,23073543,,,,Hellenic Psychiatric Assn,211,203,9,23,3,,,,,https://research.ebsco.com/plink/9d61f32b-0250-3353-ac26-f826952dc3e3
APA PsycInfo,psyh,2023-75964-007,Sexual health and sexual well-being of women with Mayer-Rokitansky-Kuester-Hauser syndrome after vaginal reconstruction: A qualitative analysis.,"Background: Contradictory findings on sexual health in women with Mayer-Rokitansky-Kuester-Hauser syndrome (MRKHS) after vaginal reconstruction point toward the need for more profound assessment of this subject, particularly as it is still unclear what constitutes sexual well-being, especially genital self-image or sexual self-esteem, in women with MRKHS and neovagina. Aim: The aim of this qualitative study was to assess individual sexual health and sexual well-being in the context of MRKHS after vaginal reconstruction, with an emphasis on genital self-image, sexual self-esteem, sexual satisfaction, and coping with MRKHS. Methods: Qualitative semistructured interviews were conducted with women with MRKHS after vaginal reconstruction (n = 10) with the Wharton-Sheares-George surgical method and a matched control group without MRKHS (n = 20). Women were surveyed about their previous and current sexual activities, perception of and attitudes toward their genitals, disclosure to others, coping with the diagnosis, and perception of surgery. Data were analyzed through qualitative content analysis and compared with the control group. Outcomes: The primary outcomes of the study were major categories, such as sexual satisfaction, sexual self-esteem, genital self-image, and dealing with MRKHS, as well as subcategories related to the content analysis. Results: Although half the women in the present study indicated that they were coping well with their condition and were satisfied with sexual intercourse, most felt insecure about their neovagina, were cognitively distracted during intercourse, and showed low levels of sexual self-esteem. Clinical Implications: A better understanding of expectations and uncertainties regarding the neovagina might help professionals to support women with MRKHS after vaginal reconstruction to increase sexual well-being. Strengths and Limitations: This is the first qualitative study focusing on individual aspects of sexual well-being, especially sexual self-esteem and genital self-image, in women with MRKHS and neovagina. The qualitative study indicates good interrater reliability and data saturation. The limitations of this study include the inherent lack of objectivity resulting from the method but also the fact that all the patients had a particular surgical technique, consequently resulting in limited generalizability of these findings. Conclusions: Our data indicate that integrating the neovagina into the genital self-image is a prolonged process that is essential for sexual well-being and should thus be the focus of sexual counseling. (PsycInfo Database Record (c) 2023 APA, all rights reserved)",20230101,"Stepanow, Clara ; Naderer, Andrea ; Alexopoulos, Johanna ; Walch, Katharina ; Wenzl, Rene ; Leithner, Katharina",Journal Article,Journal ; Peer Reviewed Journal,Jan 2023,true,Journal of Sexual Medicine,Coping Behavior ; Self-Concept ; Self-Esteem ; Sexual Satisfaction ; Syndromes ; Vagina ; Well Being ; Sexual Health ; Adulthood (18 yrs & older) ; Young Adulthood (18-29 yrs) ; Thirties (30-39 yrs) ; Female,JOUR,,,1743-6109,,,,,eng,Oxford University Press,64,57,8,20,1,10.1093/jsxmed/qdac011,,,,https://research.ebsco.com/plink/7a7f2ab6-fc30-3093-9b89-1492a494e20f
APA PsycInfo,psyh,2027-21992-001,Case report: From absolute uterine factor infertility (AUI) to motherhood: The crucial role of psychosocial assessment in the first Italian uterus transplantation case.,"Introduction: Uterus transplantation represents a revolutionary breakthrough for women with absolute infertility of uterine origin, offering them the possibility of realizing the dream of motherhood. This complex procedure has profound medical, ethical, and psychological implications. The aim of our study was to assess the personality, the presence of anxiety and depression, and perceived quality of life in a 29-year-old woman affected by Rokitansky syndrome (MRKH). Furthermore, we hypothesized that projective tests, compared with quantitative assessments, could more easily uncover the deepest, unconscious psychic contents of this woman who has faced such a difficult journey. Design: Descriptive Longitudinal Study. Subjects: Single case. Main outcome measures: The case report follows the Case Reporting (CARE) guidelines. In the pre-transplant evaluation, Giorgia (not her real name) was administered the Machover Test, the Baum Test, the Million Clinical Multiaxial Inventory- III (MCMI-III), the Short Form Health Survey-36 (F-36), the Patient Health Questionnaire-9 (PHQ-9), and the General Anxiety Disorder-7 (GAD-7). The same instruments were re-administered 1 year and 2 years after the birth of her baby girl. Results: The projective graphic tests highlighted some significant aspects: the facial expression of the female figure became more restless in subsequent evaluations, until aggressiveness emerged (clenched fists) in the last evaluation. The tree was also drawn on a flowerbed in the last evaluations, indicating a sense of loneliness and abandonment. Conclusion: Overall, uterus transplantation appears to be psychologically well-tolerated, but ongoing evaluation and psychological support are essential. (PsycInfo Database Record (c) 2026 APA, all rights reserved)",20260112,"Pistorio, Maria Luisa ; De Pasquale, Concetta ; Veroux, Massimiliano ; Giaquinta, Alessia ; Giambra, Martina Maria ; Grasso, Antonino ; Scollo, Paolo ; Quattropani, Maria Catena Ausilia ; Veroux, Pierfrancesco",Journal Article,Journal ; Peer Reviewed Journal,"Jan 12, 2026",true,Frontiers in Psychology,Infertility ; Mothers ; Organ Transplantation ; Uterus ; Psychosocial Assessment ; Adulthood (18 yrs & older) ; Young Adulthood (18-29 yrs) ; Female,JOUR,,,1664-1078,,41602703,,,eng,Frontiers Media S.A.,,,,16,,10.3389/fpsyg.2025.1713821,,,,https://research.ebsco.com/plink/d1ea8634-cd30-3d60-bddb-93aef58acab0
APA PsycInfo,psyh,2023-20753-001,Belastung von Betroffenen mit MRKH-Syndrom: Effekt einer Intervention zur Unterstützung bei Neovagina-Anlage.,"The diagnosis of Mayer-Rokitansky-Küster-Hauser syndrome (MRKHS), a rare variant of female sexual development, is usually made during puberty. The uncertainty in self-image and the impossibility of becoming pregnant often lead to considerable stress. Although psychosomatic support is consistently recommended in the literature, there have been only a few studies on the psychological aspects of MRKHS. The aim of the present study is to investigate the quality of life or distress of women with MRKHS undergoing neovaginal surgery and, on the other hand, to evaluate effects of the intervention for support during treatment. Methods: In an explorative quasi-experimental pre-post study at a national centre for neovaginal surgery, all patients were offered a psychosomatic intervention (intervention group IG, n = 23) and their sexual function (FSFI), psychological distress (PHQ-D) and health-related quality of life (SF-12) were assessed before surgery (t0) and six months after (t1). These were compared with data from a sample collected before and after the intervention period (comparison group VG, n = 30). Results: While the physical quality of life (SF- 12) of both groups was unremarkable at both time points, there was a significant impairment in the psychological quality of life. Both groups (IG, VG) improved from t0 to t1 in their sexual function (FSFI) and showed lower depression scores (PHQ-D). The specific intervention developed was well accepted by those affected and rated as helpful. However, this subjectively perceived effectiveness of the intervention was not reflected by improvement on the quality of life scale (SF-12) and depression scale (PHQ-D). Conclusion: Those affected show a clear, clinically relevant distress (SF-12), but this is not reflected in the form of psychological comorbidity (PHQ-D). This apparent discrepancy points to psychologically stable women with acute distress due to the diagnosis of variant sex de-evolution. For them, a low-threshold support service with a supportive character seems to be necessary and helpful during the surgical treatment. The reconstructive therapy for the creation of a neovagina seems to have a positive influence on the psychological quality of life. The fact that pregnancy is still not possible due to the missing uterus could be a reason for not reaching the quality of life of the average population. (PsycInfo Database Record (c) 2023 APA, all rights reserved)",20221101,"Schäffeler, Norbert ; Beckmann, Julia ; Schenk, Bernadette ; Schöller, Dorit ; Wallwiener, Diethelm ; Enck, Paul ; Teufel, Martin ; Zipfel, Stephan ; Rall, Katharina ; Brucker, Sara",Journal Article,Journal ; Peer Reviewed Journal,Nov 2022,true,PPmP: Psychotherapie Psychosomatik Medizinische Psychologie,Distress ; Intervention ; Mental Health ; Quality of Life ; Sexual Development ; Major Depression ; Psychosomatic Medicine ; Sexual Function Disturbances ; Surgery ; Vagina ; Female,JOUR,,,1439-1058,,35504296,,,deu,Georg Thieme Verlag KG,480,473,8,72,11,10.1055/a-1778-5194,,,,https://research.ebsco.com/plink/bb529ac3-da88-3a7f-a014-f34914312c67
APA PsycInfo,psyh,2026-66961-001,Du corps sexué incomplet (agénésie utéro-vaginale) au ressaisissement identitaire du féminin dans la rencontre sexuelle: Une étude de cas.,"Context: This article proposes a psychodynamic approach to MRKH syndrome, designating an absence of uterus and vagina, a rare congenital malformation which concerns one in 4000 female births. It proposes to identify, from a qualitative perspective, some of the issues raised by the nature of this medical pathology and the specificity of its treatment, as well as their repercussions on sexuality in connection with the adjustments of sexual identity, based on a case study. Objectives: The aim is to show how the bodily obstacle to penetrative sexuality, caused by the nature of the syndrome, will be treated on a somatic level and in what way these protocols, associated with the issues raised by the pathology, will impact the way to live sexuality. Method: Data collection is based on individual clinical research interviews between the young woman concerned by the case and the clinical psychologist. The article occasionally refers to the author's work on the same theme, especially a previous article dealing with the subject in a both qualitative and quantitative approach. Results: This study makes it possible to identify in this case the recourse to sexuality with an addictive tendency which would reinforce the status of a “complete” woman with a strong reparative value for injured feminine identity. The over-investment of the “erotic pole” of the female personality attempts to rehabilitate the libidinal dimension of the genital area affected by the issues of lack, incompleteness and overwhelming pain, with benefits on the experience of the gender identity. Interpretations: This study allows us, beyond the specific context of the syndrome, to consider the importance of intersubjectivity in the capacity of transforming the traumatic bodily experience. It also poses new ways to think about the appropriation of the sexual body in and beyond the logic of repetition, and to consider the question of the investment (potentially fetishized) of a transplanted organ and its appropriation on a psychological level. It would therefore be interesting to treat these themes in the context of other somatic clinics. (PsycInfo Database Record (c) 2025 APA, all rights reserved)",20250901,"Blanc, S.",Journal Article,Journal ; Peer Reviewed Journal,Sep 2025,true,In Analysis,Femininity ; Gender Identity ; Human Females ; Pathology ; Sexual Intercourse (Human) ; Sexuality ; Syndromes ; Adulthood (18 yrs & older) ; Female,JOUR,,,2542-3606,,,,,fra,Elsevier Science,,,,9,2,10.1016/j.inan.2025.100534,,,,https://research.ebsco.com/plink/801d91bf-18fd-317a-a718-abdf3bc99228
APA PsycInfo,psyh,2024-83930-003,Effectiveness of non‐surgical interventions to improve health and well‐being in women living with Mayer–Rokitansky–Kuster–Hauser syndrome: A systematic review.,"Aim: The aim of this paper is to present the evidence on the effectiveness of nonsurgical interventions to improve health and well-being in women living with Mayer–Rokitansky–Kuster–Hauser (MRKH) syndrome. Design: Systematic review guided by Preferred Reporting Items for Systematic Reviews checklist. Data Sources: The search was conducted between June and September 2022 across the following databases: CINAHL, EMBASE, Medline, PsycINFO and Cochrane. Trial registries (clinicaltrials. gov, World Health Organization International Clinical Trials Registry Platform (ICTRP), Cochrane Controlled Trials Register-CCTR), Google scholar, dissertations, conference proceedings and reference lists of included studies were also searched. Corresponding authors, formal and informal MRKH groups were contacted to obtain any significant studies or reviews. Review Methods: Eligible were only English-language empirical studies of any time period. The review followed narrative synthesis. Results: Twenty-three studies were identified that fit the inclusion criteria which included 1540 MRKH syndrome affected women. Four studies were on psychological interventions (<i>n</i> = 85) and 19 studies (vaginal dilation therapy <i>n</i> = 897, coital dilation <i>n</i> = 57) focused on non-surgical vaginal dilation as a measure to vaginal agenesis in MRKH syndrome. Conclusions: Clearly, vaginal dilation is a viable initial treatment option for women with MRKH syndrome. There is limited evidence that ‘coital dilation’ is an effective method of dilation for vaginal agenesis. The literature, however, supports the need for psychological intervention to improve health and well-being. Impact: Women with MRKH syndrome who require dilation can receive guidance and support from their healthcare providers, particularly sexual and reproductive health nurses, clinical nurse specialists and gynaecologists. From the point of diagnosis, clinical psychologists should be involved. As much as feasible, family and partner support can be encouraged. Patient or Public Contribution: No patient or public contribution. (PsycInfo Database Record (c) 2024 APA, all rights reserved)",20240601,"Baby, Anu ; Pallam, Manju C. ; Hayter, Mark",Journal Article,Journal ; Peer Reviewed Journal,Jun 2024,true,Journal of Advanced Nursing,Gynecological Disorders ; Intervention ; Nurses ; Sexual Satisfaction ; Syndromes ; Treatment Effectiveness Evaluation ; Vagina ; Well Being ; Adulthood (18 yrs & older) ; Female,JOUR,,,1365-2648,,37994266,,,eng,Wiley-Blackwell Publishing Ltd.,2201,2167,35,80,6,10.1111/jan.15976,,,,https://research.ebsco.com/plink/68c8d99d-d9ca-3655-877c-cd4f0faacd18
APA PsycInfo,psyh,2022-11317-012,The sexuality of adolescents and young women with MRKH Syndrome: A qualitative study.,"Background: Vaginal agenesis, most commonly referred as Mayer–Rokitansky–Küster–Hauser (MRKH) Syndrome, is mostly diagnosed as primary amenorrhea in teenage girls; although there is plenty of literature concerning the formation of a neovagina, limited research has focused on the psychological burden of this diagnosis to the girls. Aim: To enlighten health providers into the finer aspects of sexuality through the own words and experiences of girls with MRKH under our care. Methods: Women currently undergoing vaginal dilation or who had completed vaginal dilation within the past year were recruited from February 2019 to January 2020. A gynecologist with training in Sexual Medicine conducted a semistructured interview, which was recorded and then transcribed to identify common themes among interviewees. Outcomes: The main outcome explored was the narrative experiences of women with MRKH. Results: 7 women participated, with a mean age of 19.7 (range 17–22 years). None of the girls felt stigmatized, however one reported significant distress at diagnosis, stemming from the attitude of health care professionals and exacerbated by an earlier age at disclosure. All girls accepted that VDT was successful, when it was initiated after they had felt sexual interest and arousal. Exact quantification of the vaginal length at onset, worried 4 as they felt pressurized to achieve a specific length. A few girls reported anxiety over sharing the diagnosis with an intimate partner. All of them pretended at some point to have menses. Childbearing was an important issue for most of the interviewees, but it did not concern them for the time being. All girls had supporting families. However, 5 did not want to share information about VDT with them. One girl reported that openness in discussing genital anatomy, VDT and sexuality, helped her both in completing treatment and adapting in a sexual relationship. Clinical Implications: A multidisciplinary team should aim for age-appropriate disclosure and consultation and guide women through VDT and their sexual relations. Strengths and Limitations: This is a thorough account of women's perceptions regarding VDT and sexuality in MRKH. However, our conclusions may be limited by the small number of participants. Conclusion: Gradual provision of information at disclosure and adjusted timing at VDT may reduce stress in girls with MRKH. (PsycInfo Database Record (c) 2023 APA, all rights reserved)",20211201,"Tsitoura, Anastasia ; Michala, Lina",Journal Article,Journal ; Peer Reviewed Journal,Dec 2021,true,Journal of Sexual Medicine,Diagnosis ; Openness to Experience ; Sexuality ; Syndromes ; Vagina ; Distress ; Sex Therapy ; Sharing (Social Behavior) ; Adolescence (13-17 yrs) ; Adulthood (18 yrs & older) ; Young Adulthood (18-29 yrs) ; Female,JOUR,,,1743-6109,,34649813,,,eng,Elsevier Science,2019,2012,8,18,12,10.1016/j.jsxm.2021.09.006,,,,https://research.ebsco.com/plink/5dd761aa-aaf5-300e-8417-d4ea6e2806fd
APA PsycInfo,psyh,2024-14130-008,Psychological correlates of sexual self-esteem in young women with Mayer-Rokitansky-Küster-Hauser syndrome.,"Introduction: Mayer-Rokitansky-Küster-Hauser syndrome (MRKHS) is a difference (disorder) of sex development that results from Müllerian duct aplasia in 46,XX females. The diagnosis of MRKHS is usually established in late adolescence. The purpose of the study was to assess the impact of congenital absence of uterus and vagina (CAUV) on a patient’s psychosexual functioning. Participants and procedure: Thirty-two women with MRKHS (mean age 22.9 years) and 32 matched healthy controls (mean age 24.75 years) completed three study questionnaires: the Sexual Self-Esteem Inventory for Women, the Rosenberg Self-Esteem Scale, and Minnesota Multiphasic Personality Inventory-2 (MMPI-2). Statistical analysis was performed by IBM SPSS Statistics 22. Results: There was no difference in global self-esteem between the two study groups. MRKHS females had lower sexual self-esteem and experienced higher intensity of some psychological functioning characteristics (paranoia, psychasthenia, schizophrenia) than their peers. Correlations between sexual self-esteem and results on depression, psychopathic deviate, schizophrenia, social introversion and anxiety scales were observed in patients with MRKHS. Global self-esteem and schizophrenia results were significant predictors of sexual self-esteem in the clinical group. Higher global self-esteem and lower results in the schizophrenia scale were associated with higher sexual self-esteem in patients with MRKHS. Conclusions: Psychological and medical counseling of women with MRKHS should address their impaired sexual self-esteem, especially sexual skills and experiences. While the number of diagnostic responses indicating the presence of specific symptoms in MRKHS females is statistically significantly different, the level of scores obtained does not exceed the threshold of clinical pathology. (PsycInfo Database Record (c) 2025 APA, all rights reserved)",20220101,"Beisert, Maria J. ; Chodecka, Aleksandra M. ; Walczyk-Matyja, Katarzyna ; Szymańska-Pytlińska, Marta E. ; Kędzia, Witold ; Kapczuk, Karina",Journal Article,Journal ; Peer Reviewed Journal,2022,true,Current Issues in Personality Psychology,Genital Disorders ; Human Females ; Minnesota Multiphasic Personality Inventory ; Self-Esteem ; Syndromes ; Adolescence (13-17 yrs) ; Adulthood (18 yrs & older) ; Young Adulthood (18-29 yrs) ; Female,JOUR,,,2353-561X,,,,,eng,Termedia Publishing House,342,333,10,10,4,,,,,https://research.ebsco.com/plink/f994e244-02ed-3938-a7fb-9ef11f2e498c
APA PsycInfo,psyh,2025-15588-001,Illness experience and (unmet) needs of women with mayer-rokitansky-küster-hauser syndrome (mrkh): A qualitative analysis of an online forum.,"ObjectiveMayer-Rokitansky-Küster-Hauser syndrome (MRKH) is a congenital condition characterized by the underdevelopment or complete absence of the uterus and the upper part of the vagina. Diagnosis is commonly made during adolescence, a sensitive period for psychophysical development, following the absence of menstruation. Having MRKH syndrome can have a profound and multifaceted psychosocial impact that characterizes these women’s subjective experiences, although it continues to be qualitatively understudied. This article explores the lived experience of women with MRKH spontaneously recounted on an online support forum. The aim was to gain insight into the features of the syndrome experience to understand deeply the emotional and social impact of the condition and the individual needs expressed online.MethodsUsing a naturalistic observation stance, data was collected from an online support forum for MRKH women and systematically analyzed using thematic analysis.ResultsFour main interconnected themes are identified: the impact of being diagnosed with MRKH, the difficult interaction with the medical environment, challenging social relationships, and the unmet needs of MRKH women.ConclusionA multidisciplinary and person-centered approach that provides effective and sensitive management of the condition and its psychosocial implications, is essential. Recommendations for future research and practical clinical implications for healthcare professionals are proposed. (PsycInfo Database Record (c) 2025 APA, all rights reserved)",20240807,"Di Mattei, Valentina Elisabetta ; Taranto, Paola ; Perego, Gaia ; Caneva, Margherita ; Parma, Marta ; Fontana, Eleonora ; Candiani, Massimo ; Montali, Lorenzo",Journal Article,Journal ; Peer Reviewed Journal,"Aug 7, 2024",true,Psychology & Health,Female Attitudes ; Life Experiences ; Menstruation ; Psychosocial Factors ; Syndromes ; Online Support Groups ; Peer Support,JOUR,,,1476-8321,,,,,eng,Taylor & Francis,,,,,,10.1080/08870446.2024.2390647,,,,https://research.ebsco.com/plink/1f641cb2-b445-3d0d-be7a-89a21a2a02c1
APA PsycInfo,psyh,2009-20006-002,Anxiety and depression in adolescents with polycystic ovary syndrome and Mayer-Rokitansky-Küster-Hauser syndrome.,"Purpose: The purpose of this study was to assess self-reported depressive and anxiety symptoms in adolescents with polycystic ovary syndrome (PCOS) and those with the rare Mayer-Rokitansky-Küster-Hauser Syndrome (MRKHS), compared with healthy adolescents. Material and methods: The participants were 49 adolescent girls, of whom 27 were patients with confirmed menstrual disorder, 22 with PCOS and 5 with MRKHS; and 22 were healthy eumenorrheic adolescents (control group) matched by age and school grade. The Beck Depression Inventory (BDI) and the State-Trait Anxiety Inventory (STAI-Gr) were used to measure depression and anxiety, respectively. Results: The results showed that it was 1.08 times more likely for the PCOS group (<i>p</i> = 0.043) and 1.12 times more likely for the MRKHS group (<i>p</i> = 0.039) to have higher scores than healthy adolescents on the anxiety scale. The MRKHS group was 1.40 times more likely to have a higher number of depressive symptoms (<i>p</i> = 0.040) than the control group. Conclusions: These findings, although based on a small sample, suggest a relationship between PCOS and MRKHS and the presence of psychological problems, such as anxiety and depressive symptoms in adolescents. This study is among the first to examine psychological difficulties in adolescents with such a rare menstrual syndrome as MRKHS. (PsycInfo Database Record (c) 2022 APA, all rights reserved)",20090601,"Laggari, Varvara ; Diareme, Stavroula ; Christogiorgos, Stylianos ; Deligeoroglou, Efthimios ; Christopoulos, Panagiotis ; Tsiantis, John ; Creatsas, George",Journal Article,Journal ; Peer Reviewed Journal,Jun 2009,true,Journal of Psychosomatic Obstetrics & Gynecology,Anxiety ; Endocrine Sexual Disorders ; Major Depression ; Symptoms ; Syndromes ; Health ; Ovaries ; Adolescence (13-17 yrs) ; Female,JOUR,,,1743-8942,,19533486,,,eng,Informa Healthcare,88,83,6,30,2,10.1080/01674820802546204,,,,https://research.ebsco.com/plink/939757f8-254d-331d-a157-2e38e51f3038
APA PsycInfo,psyh,2019-71830-006,Absence des organes génitaux internes chez la femme: Enjeux et répercussions sur l’identité sexuelle.,"Objectives: Mayer-Rokitansky-Küster-Hauser (MRKH) syndrome is a rare congenital malformation of the female internal organs. This disorder causes the uterus and vagina to be absent and affects one in 4,500 newborn girls. In a psychodynamic approach and in a qualitative and quantitative perspective, we aim to highlight some of the issues raised by the syndrome and its treatment, in particular the creation of a “neo-vagina”, in terms of the establishment of sexual identity among the women involved. Methods: Our research is based on an interdisciplinary, triangular process in which patient, doctor and clinical psychologist work together in specialized medical consultations. The data collection process also includes individual clinical research interviews between the young women and the clinical psychologist. The study involved seventeen patients. Results: On the basis of this study, it is possible to identify both fantasmatic and physical representations specific to MRKH patients. Most of these representations (summarized in a table) are common to the majority of the patients, some are specific to a few young women, and relate to their body image perception and their sexual investment. Discussion: The study is based on single interviews, apart from two patients (ten interviews each). However, we are currently providing long-term follow-up. Conclusion: In most cases, there is a fetishist issue related to the phallic dimension of the neo-vagina and a high investment in bodily appearance and/or external signs of femininity. (PsycInfo Database Record (c) 2022 APA, all rights reserved)",20191101,"Blanc, Stéphanie ; Brun, Anne",Journal Article,Journal ; Peer Reviewed Journal,Nov 2019,true,L'Évolution Psychiatrique,Fetishism ; Gender Identity ; Genital Disorders ; Sexuality ; Vagina ; Adulthood (18 yrs & older) ; Female,JOUR,,,1769-6674,,,,,fra,Elsevier Science,603,591,13,84,4,10.1016/j.evopsy.2019.07.006,,,,https://research.ebsco.com/plink/cb134baf-7ec0-3b37-af62-23b8785feae3
APA PsycInfo,psyh,2014-07955-004,And God created woman? The link between female sexuality and the mother-daughter relationship in Mayer-Rokitansky-Kuster-Hauser syndrome in adolescents.,"The authors’ clinical experience with young girls with Mayer-Rokitansky- Kuster-Hauser syndrome (MRKH), who are facing the often hastily suggested, and accepted, surgical treatment of vaginal reconstruction brings new light to the question of female sexuality and its specific modes of access: its traumatic aspects, the mother-daughter conflict of ambivalence and the associated risk of depression, as well as the importance of the relational factor in the construction of bodily interiority. (PsycInfo Database Record (c) 2025 APA, all rights reserved)",20140301,"Gueniche, Karinne ; Yi, M. -K. ; Nataf, N.",Journal Article,Journal ; Peer Reviewed Journal,Mar 2014,true,Bulletin of the Menninger Clinic,Ambivalence ; Congenital Disorders ; Mother Child Relations ; Sexuality ; Daughters ; Adolescence (13-17 yrs) ; Female,JOUR,,,1943-2828,,24552429,,,eng,Guilford Publications,69,57,13,78,1,10.1521/bumc.2014.78.1.57,,,,https://research.ebsco.com/plink/7ae8e3cc-bc0b-3dff-8854-fdb2b1f62116
APA PsycInfo,psyh,2015-22074-001,Sexual and psychosocial functioning in women with MRKHS after neovaginoplasty according to Wharton-Sheares-George: A case control study.,"Background: Mayer-Rokitansky-Küster-Hauser syndrome (MRKHS) has a major impact on a woman’s psychological and sexual well-being. In most of the studies that addressed treatment techniques, postoperative sexual function was reported to be satisfactory; however, comparatively few studies have additionally provided an accurate analysis of psychosocial functions in MRKHS patients following different kinds of neovaginal treatment. This study is to evaluate sexual and psychosocial functioning after creation of a neovagina according to Wharton-Sheares-George in women with MRKHS. Methods: We performed a case-control-study using multiple measures to assess sexual and psychosocial functioning. Ten MRKHS patients and 20 controls of a University hospital and tertiary center for pediatric and adolescent gynecology were assessed. The follow-up assessment comprised 6 standardized questionnaires (Female Sexuality Function Index, FSFI; Patient Health Questionnaire, PHQ; Brief Symptom Inventory, BSI; World Health Organization Quality of Life Assessment, WHOQoL-BREF; Parental Bonding Instrument, PBI; and a German questionnaire on body image). The main outcome measures were sexual function, psychological status, quality of life, body image, and parental bonding styles. Findings: Sexual function, psychological status (including depressive and somatic symptoms), quality of life, and own-body experience were at least as good in operated MRKHS patients as in controls. In some measures (FSFI, PHQ-15, psychological domain of the WHOQoL-BREF, and BSI Positive Symptom Total), patients scored significantly better than controls. The results of the PBI indicated a close and sustainable mother-daughter-relationship in MRKHS patients. Conclusions: We found no evidence for an impairment of sexual or psychosocial functioning in patients after neovaginoplasty according to Wharton-Sheares-George. MRKHS may not necessarily compromise sexual and psychological well-being, provided that the syndrome is properly managed by a multidisciplinary team of health professionals. (PsycInfo Database Record (c) 2022 APA, all rights reserved)",20150422,"Leithner, Katharina ; Naderer, Andrea ; Hartung, Dorothee ; Abrahamowicz, Clara ; Alexopoulos, Johanna ; Walch, Katharina ; Wenzl, René ; Hilger, Eva",Journal Article,Journal ; Peer Reviewed Journal,"Apr 22, 2015",true,PLoS ONE,Female Sexual Dysfunction ; Gynecological Disorders ; Psychosocial Factors ; Surgery ; Syndromes ; Human Females ; Major Depression ; Vagina ; Well Being ; Social Functioning ; Adolescence (13-17 yrs) ; Adulthood (18 yrs & older) ; Young Adulthood (18-29 yrs) ; Female,JOUR,,,1932-6203,,25901735,,,eng,Public Library of Science,,,,10,4,10.1371/journal.pone.0124604,,,,https://research.ebsco.com/plink/30d27d84-05dd-32bc-9506-1b335df452e1
APA PsycInfo,psyh,2024-66371-010,A life course perspective on Mayer-Rokitansky-Küster-Hauser syndrome: Women’s experiences and negotiations of living with an underdeveloped uterus and vagina.,"PurposeMayer-Rokitansky-Küster-Hauser (MRKH) syndrome is characterized by the absence or underdevelopment of the uterus and upper part of the vagina. It is usually diagnosed during adolescence, and the present study investigates how women experience and negotiate to live with MRKH syndrome long-term.MethodsFrom January to March 2021, eighteen Danish women with MRKH syndrome participated in semi-structured interviews via video conference. The mean time since diagnosis was 11.5 years. A thematic analysis using the life course framework as a theoretical approach was applied.ResultsThe analysis identified the diagnosis as a turning point, that dramatically altered the women’s imagined futures. Not conforming to dominant social norms regarding sexuality and pregnancy meant that the women continuously managed and negotiated the meaning and impact of MRKH syndrome in relation to the five principles of the life course perspective: (1) Lifelong development, (2) Timing, (3) Human agency, (4) Linked lives, and (5) Historical time and place.ConclusionUsing the life course framework contributed to a holistic understanding of life with MRKH syndrome by showing how the meaning and consequences of the congenital condition changed over time and in adaptation to gendered and age-related social norms and expectations.IMPLICATIONS FOR REHABILITATIONThe perceived meaning and impact of living with Mayer-Rokitansky-Küster-Hauser syndrome change over time, and women’s information and support needs thus change accordinglySensitive, clinical communication is essential when discussing treatment optionsOnline communities may provide support and reduce feelings of loneliness (PsycInfo Database Record (c) 2024 APA, all rights reserved)",20240301,"Jensen, Amalie Hahn ; Herlin, Morten Krogh ; Vogel, Ida ; Lou, Stina",Journal Article,Journal ; Peer Reviewed Journal,Mar 2024,true,"Disability and Rehabilitation: An International, Multidisciplinary Journal",Diagnosis ; Human Females ; Life Span ; Social Norms ; Syndromes ; Time Perception ; Uterus ; Vagina ; Adulthood (18 yrs & older) ; Female,JOUR,,,1464-5165,,36987844,,,eng,Taylor & Francis,1140,1130,11,46,6,10.1080/09638288.2023.2191014,,,,https://research.ebsco.com/plink/6461f992-0fe3-3bd8-bcc0-cddd94374554
APA PsycInfo,psyh,2024-46004-012,Obsessive–compulsive symptoms and 15q11.2q13.1 duplication syndrome.,"Presents case report of 45-year-old female patient—who gave written informed consent for publication—presented with OCS, and her predominant compulsion was acts of control (i.e., checking the stove or the electric iron several times and taking pictures before leaving the house). The psychiatric history revealed that the patient had suffered from OCS and a learning disability since the first decade of her life. Mayer–Rokitansky–Küster–Hauser syndrome (MRKHS) type 1, sensorineural hearing loss, and urinary stress incontinence were pre-diagnosed. (PsycInfo Database Record (c) 2024 APA, all rights reserved)",20240101,"Göbel, Theresa ; Maier, Alexander ; Schlump, Andrea ; Runge, Kimon ; Nickel, Kathrin ; Tebartz van Elst, Ludger ; Schiele, Miriam A. ; Domschke, Katharina ; Gläser, Birgitta ; Tzschach, Andreas ; Komlosi, Katalin ; Endres, Dominique",Letter,Journal ; Peer Reviewed Journal,Jan 2024,true,European Neuropsychopharmacology,Genetics ; Obsessive Compulsive Disorder ; Phenotypes ; Syndromes ; Adulthood (18 yrs & older) ; Middle Age (40-64 yrs) ; Female,JOUR,,,1873-7862,,,,,eng,Elsevier Science,69,67,3,78,,10.1016/j.euroneuro.2023.09.009,,,,https://research.ebsco.com/plink/75510ada-0bbb-3669-90a3-7a70ab6c9f11
APA PsycInfo,psyh,2010-00604-002,Das Mayer-Rokitansky-Küster-Hauser-Syndrom. Eine übersicht über den stand der internationalen psychosomatischen forschung.,"The diagnosis of Mayer-Rokitansky-Küster-Hauser Syndrome is made on the basis of the following symptoms: Non-development (aplasia) of vagina and uterus in women with a female XX set of chromosomes, functioning ovaries and externally inconspicuous female sexual characteristics. The syndrome implies infertility for the affected women and makes normal vaginal sex impossible. Plastic surgery may be used to construct an artificial vagina, which is called ""neovagina"". The majority of research concerns such surgical methods. The present paper, however, gives a survey of the relatively rare studies on the psychological aspects of MRKHS. These studies have produced heterogeneous results with regard to sexuality and psychological stress—some studies have found impairments, while others have not reported significant differences between women with and without MRKHS. With respect to social life, self-perception and dealing with infertility there is only little and partly anecdotal data available. Future research should address the subject from a wider angle and try to understand the impact of different factors on the quality of life of the women concerned. (PsycInfo Database Record (c) 2025 APA, all rights reserved)",20091201,"Huber, Kerstin ; Hoffmann, Simone ; Richter-Appelt, Hertha",Journal Article,Journal ; Peer Reviewed Journal,Dec 2009,true,Zeitschrift für Sexualforschung,Psychological Stress ; Sexuality ; Somatoform Disorders ; Vagina ; Syndromes ; Female,JOUR,,,1438-9460,,,,,deu,Georg Thieme Verlag KG,339,318,22,22,4,10.1055/s-0029-1224720,,,,https://research.ebsco.com/plink/10b1402c-18dd-386e-9637-eebd1d57195c
APA PsycInfo,psyh,2013-27514-004,Fragebogen zum Erleben der eigenen Weiblichkeit (FB-W): Ergebnisse von Frauen mit Mayer-Rokitansky-Küster-Hauser Syndrom und Frauen mit polyzystischem Ovarsyndrom.,"Women with Mayer-Rokitansky-Kuster-Hauser syndrome (MRKHS) or polycystic ovary syndrome (PCOS) experience substantial changes in female body characteristics. It was investigated how this is associated with changes concerning the experience of one’s own femininity. A questionnaire was developed to measure the experience of one’s own femininity. The questionnaire assesses how important several aspects are to women for their experience of their own femininity. Data from 49 women with MRKHS and 55 women with PCOS were compared to a nonclinical sample (932 women). The experience of their own femininity differed between the clinical groups as well as in comparison to the control sample. Diagnosis-specific characteristics emerged, which should be considered in the treatment of affected women. The developed questionnaire proved to be suitable for measuring differences in the experience of one’s own femininity between groups of gynecological patients. (PsycInfo Database Record (c) 2022 APA, all rights reserved)",20130801,"Krupp, Kerstin ; Brunner, Franziska ; Fliegner, Maike ; Rall, Katharina ; Brucker, Sara ; Briken, Peer ; Richter-Appelt, Hertha",Journal Article,Journal ; Peer Reviewed Journal,Aug 2013,true,PPmP: Psychotherapie Psychosomatik Medizinische Psychologie,Endocrine Sexual Disorders ; Femininity ; Personality Measures ; Physical Appearance ; Self-Perception ; Attitudes ; Human Females ; Psychometrics ; Female,JOUR,,,1439-1058,,23444109,,,deu,Georg Thieme Verlag KG,340,334,7,63,8,10.1055/s-0032-1333286,,,,https://research.ebsco.com/plink/6cecd567-a514-3884-a916-b0c6ecaa4fe5
APA PsycInfo,psyh,2014-08287-012,Sexual life and sexual wellness in individuals with Complete Androgen Insensitivity Syndrome (CAIS) and Mayer‐Rokitansky‐Küster‐Hauser Syndrome (MRKHS).,"Abstract Introduction Sexual wellness depends on a person's physical and psychological constitution. Complete Androgen Insensitivity Syndrome (CAIS) and Mayer‐Rokitansky‐Küster‐Hauser Syndrome (MRKHS) can compromise sexual well‐being. Aims To compare sexual well‐being in CAIS and MRKHS using multiple measures: To assess sexual problems and perceived distress. To gain insight into participants' feelings of inadequacy in social and sexual situations, level of self‐esteem and depression. To determine how these psychological factors relate to sexual (dys)function. To uncover what participants see as the source of their sexual problems. Methods Data were collected using a paper‐and‐pencil questionnaire. Eleven individuals with CAIS and 49 with MRKHS with/without neovagina treatment were included. Rates of sexual dysfunctions, overall sexual function, feelings of inadequacy in social and sexual situations, self‐esteem and depression scores were calculated. Categorizations were used to identify critical cases. Correlations between psychological variables and sexual function were computed. Sexually active subjects were compared with sexually not active participants. A qualitative content analysis was carried out to explore causes of sexual problems. Main Outcome Measures An extended list of sexual problems based on the Diagnostic and Statistical Manual of Mental Disorders, 4th ed., text revision, by the American Psychiatric Association and related distress. Female Sexual Function Index (FSFI), German Questionnaire on Feelings of Inadequacy in Social and Sexual Situations (FUSS social scale, FUSS sexual scale), Rosenberg Self‐Esteem Scale (RSE), Brief Symptom Inventory (BSI) subscale depression. Open question on alleged causes of sexual problems. Results The results point to a far‐reaching lack of sexual confidence and sexual satisfaction in CAIS. In MRKHS apprehension in sexual situations is a source of distress, but sexual problems seem to be more focused on issues of vaginal functioning. MRKHS women report being satisfied with their sex life. Conclusion Different conditions can affect individuals in diagnosis‐specific ways despite some shared clinical features. Professionals should adopt an interdisciplinary approach and provide custom‐made care in order to promote sexual well‐being in patients. Fliegner M, Krupp K, Brunner F, Rall K, Brucker SY, Briken P, and Richter‐Appelt H. Sexual life and sexual wellness in individuals with Complete Androgen Insensitivity Syndrome (CAIS) and Mayer‐Rokitansky‐Küster‐Hauser Syndrome (MRKHS). J Sex Med 2014;11:729–742. (PsycInfo Database Record (c) 2023 APA, all rights reserved)",20140301,"Fliegner, Maike ; Krupp, Kerstin ; Brunner, Franziska ; Rall, Katharina ; Brucker, Sara Y. ; Briken, Peer ; Richter‐Appelt, Hertha",Journal Article,Journal ; Peer Reviewed Journal,Mar 2014,true,Journal of Sexual Medicine,Genital Disorders ; Distress ; Quality of Life ; Well Being ; Adolescence (13-17 yrs) ; Adulthood (18 yrs & older) ; Young Adulthood (18-29 yrs) ; Female,JOUR,,,1743-6109,,24165016,,,eng,Wiley-Blackwell Publishing Ltd.,742,729,14,11,3,10.1111/jsm.12321,,,,https://research.ebsco.com/plink/49274d04-db97-3900-bc5e-88c3e61d84f4
APA PsycInfo,psyh,2020-78945-012,Quand le féminin est mis à mal … À propos d’une prise de poids significative chez des jeunes femmes en post-annonce diagnostique d’une agénésie utéro-vaginale.,"Objectives: Based on data from a vast medical-psychopathological research study proposed to girls suffering from utero-vaginal agenesis—Mayer-Rokitansky-Küster-Hauser syndrome (MRKH)—, the value and the function of a frequently occurring (10%) bulimic disorder (with weight gain) at the announcement of the diagnosis are analyzed from a psychodynamic perspective. The psychic implications of the diagnosis and its consequences in terms of the modalities of the sessions with these adolescents, alongside genital sexuality, are underlined. The analysis of two cases studies, put into perspective, allows us to refine our understanding of the meaning of this food-related symptom. Therefore, this could both constitute a defensive modality signaling the impasses of the process of construction of the feminine as it could be a lever of psychic transformation of the traumatic repercussions of this process. Methods: Forty young MRKH women aged 19 to 34 (with an average age of 25 ½) are met. The research is offered to them from two to 17 years after their diagnostic announcement; clinical reflection consists of a retrospective analysis of their adolescent traumatic experience. The patients’ stories are collected using a clinical research non-directive interview. Two projective methods—Rorschach and Thematic Apperception Test (TAT)—are also proposed to better understand the modalities of their psychic functioning at the time of the clinical encounters. Interview data are subjected to a thematic clinical analysis. The protocols of the Rorschach and of the TAT are analyzed according to the method of interpretation of the French School, which refers to the psychoanalytic theory of psychic functioning. The material, resulting from sessions with two patients diagnosed with MRKH at the age of 17 and having gained 10 kg in the aftermath of this announcement, is compared in a thorough way. Results: The contrasts—in terms of problematics and of levels of elaboration—between the interview and the projective protocols are striking for each patient. With the analysis of the interview, the bulimic symptom of the first patient occurs in a psychic context where feminine interiority seems unrepresentable. On the contrary, projective protocols reveal access to conflicting and symbolic feminine work. In the same way, the second patient's discourse about her symptom is at first sight much more elaborate than that of the first patient; she establishes a subjective link between the renunciation of maternity inherent in the announcement of MRKH and the compensatory dimension provided by weight gain. However, the discrepancy with the projective tests is surprising in this second patient. Indeed, her productions reflect fragilities in her identity and an insufficient symbolization of the sexual that testify to the defensive value of the excessive symbolization of her speech, evident in the interview. Discussion: These contrasts lead us to consider binge-eating as an attempt to treat an already conflicting female sexuality, even in deadlock, before the discovery of MRKH. Its traumatic accents are updated and potentiated with the diagnostic announcement. The different levels of identified problems can coexist in a same woman, whether it is a feminine that has neither been constructed nor integrated; an impossible investment of the internal body; or a counter-investment of an impossible maternity. In this context, the etiopathogeny of weight gain subsequent to the announcement of the diagnosis is unique for each young woman, but always in connection with an affected or wounded feminine and/or maternal. Conclusion: In conclusion, if the weight gain following the diagnosis reflects a hindrance or even an impasse (possibly punctual) of the psychic treatment of its effects, this medical announcement in adolescence can constitute, afterwards, a new chance for these girls, with a potentially mutative value. (PsycInfo Database Record (c) 2022 APA, all rights reserved)",20201001,"Gueniche, Karinne ; Vibert, Sarah ; Guinard, Maïa ; Polak, Michel ; Le ’Study Group’ MRKH",Journal Article,Journal ; Peer Reviewed Journal,Oct-Dec 2020,true,L'Évolution Psychiatrique,Diagnosis ; Eating Disorders ; Symptoms ; Weight Gain ; Agenesis ; Femininity ; Uterus ; Vagina ; Sex Work ; Adulthood (18 yrs & older) ; Young Adulthood (18-29 yrs) ; Thirties (30-39 yrs) ; Female,JOUR,,,1769-6674,,,,,fra,Elsevier Masson SAS,618,607,12,85,4,10.1016/j.evopsy.2020.05.001,,,,https://research.ebsco.com/plink/a6af12db-3287-3e7c-bcdb-28dda51658f7
APA PsycInfo,psyh,2020-48515-012,Mayer-Rokitansky-Küster-Hauser syndrome and psychiatric conditions: Toward the importance of a genetic link.,"Comments on an article by Heller-Boersma et al. (see record [rid]2009-10223-016[/rid]). Heller-Boersma et al. formally investigated the relationship among Mayer-Rokitnasky-Küster-Hauser Syndrome (MRKHS), psychological distress and/or psychiatric conditions. The authors concluded that women with MRKHS ) had significantly higher pathological scores on subscales of the Symptom Checklist90-R9 scale, such as phobic anxiety, and psychoticism, compared with controls. Using the Eating Disorder Inventory, it appeared that MRKHS women have a significantly greater risk to develop bulimia, which could be explained by them trying to compensate with food for lowered self-esteem and interpersonal difficulties. It is assumed that the most critical period for MRKHS patients is right after a surgical operation or at the time of the diagnosis, when they are most vulnerable to psychiatric symptoms. Unfortunately, in this study, psychiatric evaluation was carried out a long time after diagnosis, which is the reason why the authors explain the lack of more dramatic differences in comparison with the control group. (PsycInfo Database Record (c) 2025 APA, all rights reserved)",20200701,"Suranyi, Gabor ; Capovilla, Maria ; Metelkina-Fernandez, Victoria ; Askenazy, Florence ; Fernandez, Arnaud",Comment/Reply,Journal ; Peer Reviewed Journal,Jul-Aug 2020,true,Psychosomatics: Journal of Consultation and Liaison Psychiatry,Congenital Disorders ; Distress ; Genital Disorders ; Syndromes,JOUR,,,1545-7206,,32303351,,,eng,Elsevier Science,410,409,2,61,4,10.1016/j.psym.2020.01.011,,,,https://research.ebsco.com/plink/a8143c4c-df3b-3809-a02d-00645782a1a5